"position","points","minutes_played","player_assists","rebounds","steals","blocks","turnovers","field_goal_percentage","free_throw_percentage","effective_field_goal_percentage"
"C",13,20.7,0.9,6,0.6,0.5,1.1,0.485,0.702,0.521
"C",17,27,2.3,11.5,0.9,1.1,1.9,0.597,0.364,0.597
"C",24,34.6,3.2,9.2,1.2,0.8,2.5,0.54,0.806,0.541
"SG",11,20.5,1.1,2.1,0.3,0.3,0.7,0.427,0.812,0.532
"PF",12,21.8,1.3,4.8,0.6,0.6,0.8,0.47,0.75,0.56
"SG",10,15,1.8,1.7,0.5,0.4,0.9,0.444,0.667,0.547
"SG",12,14.7,2.1,1.6,0.7,0.4,1.3,0.488,0.692,0.591
"SG",9,15.5,1.4,1.8,0.3,0.3,0.4,0.384,0.619,0.488
"SG",16,27.4,2.3,3.3,0.9,0.2,1,0.44,0.905,0.571
"C",23,32.6,1.7,9.8,0.8,1.2,1.4,0.644,0.733,0.645
"PG",13,21.5,3,2.3,1.1,0.2,1.3,0.411,0.813,0.496
"PF",15,28.4,4.9,5.3,1.1,0.9,1.5,0.509,0.735,0.553
"PF",28,32.1,5.7,11.8,0.8,0.8,3.9,0.553,0.645,0.572
"SF",8,5.6,0.4,1.2,0.1,0.1,0.3,0.435,0.5,0.435
"PG",17,25.9,3.9,4.8,0.6,0.5,1.5,0.454,0.894,0.516
"SF",22,35.6,2,5,1.9,0.7,2,0.476,0.838,0.556
"PG",5,8.6,1.2,0.8,0.3,0,0.4,0.243,0,0.351
"PG",2,2.4,0.2,0.4,0.2,0,0.1,0.2,0,0.3
"PG",5,16.2,2.3,1.2,0.3,0,0.7,0.25,0,0.359
"SF",16,26.6,2.8,6.4,0.9,0.4,1.6,0.437,0.739,0.497
"C",19,30.4,1.7,10,0.6,0.8,1.8,0.589,0.76,0.592
"C",7,10,0.3,3.3,0.2,0.4,0.5,0.819,0.35,0.819
"C",15,23.6,0.9,6.4,0.5,0.7,1.1,0.529,0.75,0.554
"SF",6,7.3,0.4,1.3,0.2,0.1,0.4,0.394,0.667,0.541
"PG",28,35.2,8.4,6.4,1.3,0.3,3.6,0.411,0.836,0.51
"C",9,15.7,0.9,4.6,0.3,0.9,0.6,0.485,0.661,0.585
"C",9,17,1.1,4.6,0.3,1,0.6,0.495,0.686,0.596
"C",9,9.8,0.4,4.6,0.1,0.6,0.9,0.407,0.545,0.5
"PF",26,33.8,3.7,6.9,0.8,0.5,2.8,0.427,0.738,0.465
"SG",21,31.7,4.4,5,1,0.4,2.2,0.479,0.883,0.568
"PG",7,9,1.2,1.5,0.4,0.4,0.6,0.423,0.708,0.481
"SF",7,14.6,0.9,3.6,0.4,0.7,0.5,0.535,0.72,0.535
"PF",20,32.5,1.6,4.5,0.7,0.1,1,0.473,0.847,0.556
"PF",21,34.8,4.8,6.6,1.1,0.8,2,0.456,0.772,0.487
"SG",26,33.9,2.8,5,0.4,0.2,2.2,0.434,0.74,0.485
"SG",11,17.7,2,2.4,0.5,0.2,0.9,0.379,0.787,0.47
"SG",12,19.6,2.4,2.8,0.4,0.3,1.1,0.386,0.778,0.477
"SG",6,13.2,1.1,1.6,0.7,0.2,0.2,0.354,1,0.443
"C",10,14.5,1.3,5.5,0.5,0.9,1.2,0.644,0.595,0.656
"SF",9,21.7,1.5,3.7,0.7,0.3,0.8,0.508,0.793,0.568
"PF",9,21.9,1.6,3.8,0.7,0.6,0.6,0.42,0.708,0.583
"PF",7,14.3,0.9,3.2,0.5,0.8,0.6,0.454,0.543,0.508
"PF",7,15.4,0.9,3.4,0.5,0.8,0.6,0.449,0.554,0.506
"PF",8,8.7,0.9,2.3,0.4,0.7,0.7,0.48,0.4,0.52
"SG",27,33.5,5.4,3.9,0.9,0.7,2.9,0.506,0.842,0.551
"SG",16,25.8,1.5,3.5,0.8,0.1,1.1,0.395,0.769,0.52
"SG",15,26.8,1.7,3.6,0.8,0.1,1.1,0.396,0.841,0.522
"SG",14,23.9,1.2,3.3,0.8,0,1.2,0.392,0.619,0.515
"SF",9,13.5,0.7,2.2,0.4,0.1,0.9,0.395,0.73,0.492
"PF",6,10.9,0.5,1.2,0.2,0.2,0.2,0.431,0.867,0.603
"PG",14,27.1,2.9,3.7,0.9,0.6,0.9,0.4,0.723,0.511
"PG",16,26.9,2.6,3.1,0.9,0.6,0.9,0.402,0.78,0.517
"PG",12,27.5,3.5,4.9,1,0.7,0.8,0.395,0.533,0.5
"SF",16,27.6,1.5,4.7,0.9,0.2,0.9,0.422,0.861,0.513
"SF",15,28.8,1.6,4.7,1,0.2,1,0.404,0.861,0.488
"SF",13,25.2,1.4,4.8,0.8,0,0.7,0.47,0.862,0.578
"C",8,8.1,0.4,1.3,0.3,0.3,0.4,0.594,0.8,0.609
"C",9,12,1,3.6,0.4,0.7,0.6,0.552,0.548,0.576
"C",6,9.6,0.9,2.3,0.4,0.5,0.6,0.519,0.458,0.558
"C",10,15,1.2,5.2,0.4,0.9,0.6,0.575,0.667,0.589
"C",8,14.3,0.9,4.3,0.3,1.4,0.8,0.578,0.357,0.578
"PG",5,9,0.4,0.6,0.2,0,0,0.185,1,0.259
"SG",16,27.9,2.8,3.1,0.8,0.3,1.2,0.447,0.831,0.566
"PF",24,32.1,2.6,3.8,0.6,0.1,2.3,0.488,0.884,0.57
"PF",15,21.5,1,5.8,0.4,1.2,1.6,0.546,0.759,0.577
"SG",6,4.9,0.5,0.5,0.2,0.1,0.5,0.15,0,0.15
"SG",25,34.6,5.5,4.5,1,0.3,2.7,0.494,0.855,0.546
"SG",8,11.3,0.9,1.4,0.4,0,0.5,0.418,0.763,0.467
"PF",10,20,0.4,5.5,0.6,0.8,0.5,0.493,0.762,0.552
"SG",11,15.1,1.2,2.1,0.4,0.1,0.9,0.358,0.667,0.443
"PG",8,14.2,0.8,1.2,0.8,0.4,0.8,0.429,0.5,0.5
"PG",11,16.3,1,1.3,1,0.5,1,0.462,0.5,0.538
"PG",2,6,0,1,0,0,0,0,0,0
"C",8,2.8,0.1,0.9,0.1,0.1,0.1,0.5,1,0.625
"SF",12,23.5,1.9,2.7,0.5,0.1,1.2,0.44,0.829,0.503
"PF",9,9.8,0.8,1.5,0,0.5,0.5,0.571,1,0.714
"SG",10,15.5,0.8,2.4,0.5,0.2,0.5,0.495,0.625,0.554
"SF",25,35.7,3.3,4.4,1.1,0.7,1.5,0.468,0.895,0.535
"SF",23,36.4,3.6,4.3,1.2,0.8,1.4,0.463,0.897,0.529
"SF",24,34.2,2.7,4.5,1,0.6,1.8,0.475,0.894,0.543
"SF",8,16.7,0.7,3.4,0.5,0.2,0.5,0.386,0.717,0.461
"PG",15,26,3.7,4.2,0.7,0.3,1.5,0.484,0.87,0.574
"SF",17,30.3,2.6,3.3,0.9,0.2,1.4,0.396,0.779,0.468
"SG",18,28.5,3.4,4.1,1.1,0.6,1.5,0.483,0.758,0.545
"PF",4,5.8,0.2,1.2,0.3,0.3,0.4,0.393,0.417,0.411
"SF",26,35.9,3.5,6.9,1.1,0.4,2.9,0.491,0.765,0.55
"SG",6,6.7,0.5,1,0.7,0,0.3,0.571,0.5,0.571
"C",7,8.2,0.1,3.9,0.1,0.4,0.4,0.635,0.458,0.635
"C",7,8.5,0.1,4.1,0.1,0.4,0.4,0.635,0.458,0.635
"C",3,3,0,0,0.5,0,0.5,0,0,0
"SG",0,6,0.5,2,0.8,0,0,0,0,0
"SF",13,24.5,1.3,4.1,0.8,0.2,0.6,0.43,0.872,0.545
"PG",24,35,6.2,3.5,0.9,0.2,2.1,0.491,0.829,0.547
"C",10,18.3,0.5,5.7,0.3,0.5,0.6,0.623,0.738,0.659
"C",13,21.4,0.7,6.8,0.3,0.6,0.7,0.654,0.741,0.691
"C",10,11.4,0.1,3.3,0.1,0.4,0.6,0.485,0.722,0.515
"SF",15,30.3,1.4,3.6,0.7,0.2,0.5,0.409,0.703,0.569
"SG",13,22,2.2,3.1,0.7,0.2,1.1,0.436,0.814,0.544
"SG",2,3,0,0,0,0,0,0,0,0
"SG",7,12.8,1.3,0.7,0.8,0,0.8,0.469,0,0.578
"SF",19,33.4,5.3,5.9,1.8,0.3,1.6,0.539,0.85,0.56
"C",3,11.6,0.6,0.9,0.4,0.5,0.1,0.321,0.75,0.396
"SF",8,13.3,0.7,2.9,0.6,0.1,0.3,0.561,0.773,0.614
"SG",18,31.3,2.4,2.7,1.5,0.5,1.1,0.462,0.824,0.569
"PG",6,6.5,1.1,0.3,0.8,0,0.4,0.231,0.5,0.346
"PF",8,14.8,1.3,2.1,0.4,0.2,0.6,0.476,0.927,0.57
"C",15,26.6,0.9,11,0.7,1.2,0.8,0.653,0.603,0.653
"C",7,2.5,0.3,1,0.2,0.2,0.2,0.25,1,0.25
"PG",12,22.3,2.4,2.5,0.8,0.4,1,0.423,0.816,0.549
"C",20,29.6,2.3,8.7,0.5,0.6,1.9,0.525,0.738,0.591
"PG",9,11,1.8,1.3,0.3,0.3,1,0.429,0.571,0.464
"PG",13,23.5,2.9,2.9,1.5,0.7,1.1,0.455,0.808,0.551
"SF",9,18.8,0.6,3.5,0.4,0.3,0.6,0.454,0.824,0.581
"SF",0,3.5,0,0,0.5,0,0,0,0,0
"SF",12,20.9,0.7,4,0.3,0.3,0.7,0.461,0.824,0.59
"SF",2,6.8,0.8,1.6,0.2,0,0,0.333,0,0.367
"SF",7,3.7,0.3,1.3,0,0,0,1,0,1
"SF",2,11.5,1.5,2,0.5,0,0,0.167,0,0.208
"PG",6,7.8,1.6,1.1,0.3,0.1,0.5,0.422,0.462,0.434
"SG",7,12.5,0.5,1.8,0.2,0.2,0.3,0.415,0.875,0.538
"SG",10,12.3,1.1,1.1,0.5,0.2,0.9,0.465,0.75,0.497
"PF",12,19.5,1.3,5.5,0.6,0.7,1,0.656,0.723,0.658
"SG",26,32.6,4.4,4,0.5,0.2,3,0.444,0.816,0.519
"C",18,29.9,1.9,9.2,0.9,2.5,1.3,0.705,0.541,0.705
"SG",7,12.5,1.1,1.1,0.1,0.1,0.4,0.386,0.778,0.424
"PF",19,30,1.2,6.5,0.6,1,1.1,0.508,0.803,0.557
"C",15,22.9,2.9,6.4,0.6,0.8,2,0.518,0.761,0.568
"C",10,21,0,3,0,1,0,0.6,0.25,0.6
"PG",18,30.3,6.7,2.7,1.1,0.2,1.5,0.428,0.834,0.539
"PG",18,29.7,7.7,2.5,1,0.2,1.7,0.408,0.813,0.511
"PG",17,31.4,5,3.1,1.2,0.2,1.2,0.46,0.863,0.583
"SG",10,23.7,1.3,4.6,0.6,0.2,0.5,0.392,0.659,0.521
"PF",9,12.6,0.6,3.8,0.6,0.4,0.8,0.607,0.4,0.607
"PF",9,16.2,1.2,3.5,0.8,0.7,0.7,0.445,0.75,0.563
"SF",13,24.7,1.5,5.4,0.6,0.8,0.9,0.456,0.711,0.556
"SF",9,18.9,1.5,3.8,0.7,0.3,0.4,0.479,0.833,0.606
"SG",8,13.7,0.6,3.8,0.6,0.2,0.7,0.395,0.692,0.407
"PG",27,33.3,6,6.2,0.8,0.6,3.3,0.415,0.837,0.453
"SG",14,19.9,1.6,1.6,0.6,0.1,0.8,0.463,0.927,0.568
"PG",29,34.7,6.3,6.1,0.9,0.4,3.2,0.493,0.915,0.614
"PG",8,17.7,2.3,3.2,0.7,0.2,1,0.418,0.65,0.483
"C",25,34,2.6,12.5,1.1,2,2.2,0.563,0.784,0.573
"SG",7,15.1,1,2.3,0.4,0.3,0.6,0.386,0.519,0.436
"SG",8,13.1,1,2.2,0.7,0.2,0.8,0.423,0.791,0.545
"PG",7,5.5,0.9,0.8,0.2,0.2,0.3,0.421,0.5,0.474
"PF",5,6.3,0.3,1.5,0,0.3,0,0.417,1,0.542
"C",9,11.2,0.7,3.5,0.2,0.5,0.7,0.51,0.673,0.55
"C",7,11.7,0.5,3.6,0.2,0.5,0.6,0.496,0.727,0.539
"C",6,9.5,1.3,3.1,0.3,0.6,0.8,0.591,0.2,0.614
"PG",6,6.7,1.3,0.4,0.2,0,0.3,0.34,0.571,0.43
"SF",23,36.2,5.1,4.6,1.1,0.5,2.1,0.504,0.872,0.522
"PF",8,8.9,0.2,2.3,0.3,0.4,0.4,0.511,0.625,0.521
"PF",8,8,0.4,1.4,0.2,0.4,0.5,0.48,1,0.55
"SG",12,17.8,1,3.5,0.9,0.3,1.3,0.573,0.588,0.58
"C",9,11.5,1.7,3.5,0.1,0.5,1,0.385,0.769,0.474
"SF",8,14.6,1.2,2.7,0.4,0.2,0.7,0.42,0.652,0.492
"PG",24,34.5,6.5,3.4,0.8,0.3,1.8,0.438,0.812,0.524
"PG",22,34.1,5.3,3.1,0.7,0.3,1.7,0.455,0.821,0.555
"PG",22,35.3,9.1,4.1,1.1,0.3,2.1,0.404,0.797,0.465
"SG",16,26.3,3.5,4.5,1.3,0.1,1.6,0.435,0.817,0.574
"PG",28,36.2,8,8.6,1.4,0.5,3.6,0.496,0.742,0.56
"SG",7,2.7,0,0.7,0,0,0,0.8,0,0.9
"SG",19,30.7,2.1,4.6,1,0.3,1.2,0.388,0.772,0.466
"SG",15,26.2,2.6,2.8,0.8,0.3,1.2,0.493,0.805,0.545
"PG",5,8.8,1.3,1.7,0.8,0,0.5,0.1,0,0.15
"PG",7,10.4,1.2,0.9,0.4,0.1,0.2,0.439,0.667,0.482
"SG",2,4.9,0.6,0.9,0.4,0.1,0.3,0.303,0,0.333
"PG",12,15,2.6,1.4,0.2,0.1,1.1,0.421,0.689,0.499
"PG",10,15.4,2.7,1.4,0.2,0.1,1.1,0.425,0.659,0.5
"PG",11,11.9,1.7,1.7,0.3,0,1,0.389,1,0.486
"C",11,12.7,0.5,6.6,0.7,0.4,1.1,0.606,0.536,0.606
"SF",8,19.5,1.4,2.5,0.5,0.2,0.9,0.369,0.847,0.452
"SG",8,9.9,0.9,1.3,0.4,0,0.8,0.462,0.706,0.468
"PG",16,25.8,5.6,4.5,1.1,0.5,1.6,0.537,0.774,0.576
"PF-SF",29,35.6,5,6.7,0.7,1.4,3.3,0.56,0.919,0.614
"PF",30,36,5.3,6.7,0.8,1.5,3.5,0.559,0.934,0.607
"SF",26,33.6,3.5,6.4,0.3,1.3,2.5,0.57,0.833,0.656
"C",16,24.9,1.1,8.9,0.7,0.9,1.4,0.648,0.611,0.648
"PF",13,21.5,1.1,6,1.2,0.6,1.2,0.448,0.752,0.493
"SG",27,36,4.4,5.8,1.6,0.7,3.3,0.459,0.756,0.528
"SF",7,10.7,0.6,1.7,0.4,0.2,0.4,0.387,0.733,0.478
"SF",4,5.6,0.1,1,0.2,0.1,0.3,0.25,0.5,0.292
"SF",7,13.9,1,2.1,0.5,0.2,0.4,0.435,0.769,0.543
"SG",6,4.4,0.4,0.5,0.3,0.1,0.1,0.438,0.571,0.625
"C",28,34.6,4.2,10.2,1,1.7,3.4,0.548,0.857,0.573
"C",11,20.3,1.3,5.4,0.5,1.3,0.9,0.641,0.664,0.651
"C",8,10.4,0.8,3.5,0.2,0.9,0.6,0.527,0.7,0.527
"C",8,11.7,1,3.9,0.2,1,0.6,0.516,0.682,0.516
"C",11,5.1,0.1,1.9,0,0.4,0.6,0.579,0.833,0.579
"PF",16,30.4,1.5,4.8,0.8,0.5,0.9,0.391,0.763,0.505
"PF",18,32.2,1.5,4.7,1,0.5,0.9,0.416,0.75,0.54
"PF",15,27.7,1.6,4.9,0.7,0.6,1,0.351,0.789,0.448
"PG",9,13,1.3,1.4,0.4,0.1,0.5,0.36,0.758,0.457
"SF",8,14.7,0.8,1.7,0.3,0.2,0.8,0.369,0.795,0.47
"SG",8,10.7,0.7,0.6,0.3,0.1,0.5,0.361,1,0.446
"PG",7,12,1.7,1.6,0.3,0.1,0.7,0.417,0.667,0.417
"PF",2,1,0,0,0,0,0,0,0,0
"SG",8,17,1.3,1.8,0.6,0.1,0.8,0.337,0.857,0.443
"PG",26,33.4,6.1,4.2,1.1,0.3,2.5,0.512,0.78,0.557
"PG",19,29.6,5.7,3.9,1.5,0.4,2.3,0.514,0.783,0.534
"PF",9,15.1,0.5,4.2,0.4,0.5,0.7,0.596,0.619,0.615
"C",14,20.6,1.1,5.6,0.4,1.3,1.1,0.732,0.679,0.732
"PG",27,35.5,7.8,2.7,1.2,0.1,2.9,0.462,0.863,0.537
"PF",7,12.9,0.9,4.1,0.6,0.4,0.6,0.486,0.617,0.554
"C",9,8.7,0.6,2.3,0.1,0.1,0.5,0.543,0.788,0.603
"PF",8,14.6,1,2.9,0.3,0.3,0.7,0.38,0.857,0.437
"SG",25,34.6,5.1,6.1,1.5,0.4,3.1,0.457,0.871,0.536
"C",7,9.8,0.7,1.9,0.3,0.2,0.5,0.52,0.714,0.552
"SG",21,31.1,6.2,7.9,0.8,0.4,2.8,0.482,0.731,0.516
"PG",26,35.5,5.5,4.8,1.6,1,2.8,0.51,0.905,0.531
"PF",8,10.6,0.6,1.7,0.1,0.2,0.3,0.538,0.731,0.553
"PG",22,41,7,4,3,0,2,0.333,0,0.5
"C",20,30.7,1.2,11.6,0.8,1.4,1.7,0.659,0.644,0.659
"PG",8,17.8,2.7,3.3,0.9,0.4,0.9,0.448,0.768,0.501
"PF",18,30.2,3,6.6,0.8,0.8,1.4,0.564,0.608,0.603
"SG",20,28.5,2.7,1.9,0.6,0.4,1.5,0.446,0.821,0.547
"SG",21,30.2,2.9,2.1,0.6,0.4,1.8,0.439,0.815,0.528
"SG",14,24.9,2.1,1.7,0.6,0.4,1,0.463,0.842,0.597
"PG",10,18.3,2.7,1.7,0.6,0.2,0.7,0.374,0.748,0.512
"PG",9,15.3,2.2,1.4,0.6,0.2,0.5,0.368,0.746,0.511
"PG",15,26.4,4,2.5,0.8,0.3,1.3,0.38,0.75,0.513
"PF",25,35.7,2.4,4.5,0.8,0.8,1.8,0.475,0.813,0.554
"PF",32,35,7,9,0,1,4,0.5,1,0.583
"SG",9,9.9,0.6,1.3,0.2,0,0.3,0.424,1,0.6
"SG",10,12.5,0.5,1.3,0.5,0.3,0.9,0.449,1,0.612
"SG",7,14.3,0.7,1.3,0.3,0,1,0.273,0,0.409
"SG",10,11.9,0.5,1.3,0.6,0.4,0.9,0.5,1,0.671
"PF",23,31.5,6.8,7.2,1,0.8,2.8,0.527,0.713,0.57
"SG",25,34.2,3.7,3.7,0.8,0.2,2.6,0.416,0.786,0.485
"PF",10,14,0.9,3.6,0.4,0.4,0.9,0.54,0.776,0.623
"SG",9,15,0.7,2.8,0.8,0.7,0.6,0.565,0.667,0.625
"PF",11,19.5,1.2,2.6,0.3,0.3,0.8,0.488,0.744,0.534
"SG",16,25.7,1.7,3,0.7,0.1,1.2,0.537,0.723,0.626
"SF",10,19.5,1,2.1,0.6,0.2,0.6,0.465,0.894,0.56
"C",8,13.9,1.5,3.8,0.3,0.2,0.5,0.485,0.656,0.573
"SG",18,29.9,2.1,3.2,0.7,0.4,1,0.468,0.796,0.599
"PF",12,23.3,0.9,4.5,0.3,0.4,0.8,0.486,0.739,0.53
"PF",15,24.3,1.2,4.3,0.4,0.4,1.2,0.488,0.759,0.534
"PF",11,22.4,0.7,4.7,0.2,0.4,0.5,0.485,0.721,0.525
"PG",22,33.6,10.4,3.7,1.6,0.4,2.5,0.49,0.871,0.586
"SF",8,9.2,1.2,1.3,0.1,0,0.8,0.321,0.778,0.375
"PG",12,16,1.1,1.9,0.6,0.2,0.9,0.43,0.75,0.517
"PG",10,13.9,1.3,1.5,0.6,0.2,0.8,0.439,0.838,0.518
"PG",13,18.5,1,2.3,0.5,0.2,1,0.423,0.667,0.516
"SG",17,30.3,1.8,3.5,0.7,0.2,0.8,0.401,0.77,0.527
"PG",28,36.8,10.7,6.1,1.2,0.5,3.4,0.441,0.867,0.536
"SG",11,14.8,1.4,1.9,0.4,0.1,1,0.438,0.823,0.533
"SF",9,5.3,0.4,0.8,0,0.1,0,0.5,1,0.594
"C",8,11.9,0.6,2.8,0.3,0.4,0.6,0.598,0.693,0.598
"SG",13,24.7,1.2,2,0.9,0.3,0.6,0.45,0.9,0.603
"SG",11,20.6,1.4,2.2,0.5,0.2,0.6,0.457,0.643,0.618
"SG",9,13.4,0.5,2.1,0.5,0.1,0.6,0.439,0.756,0.514
"PF",20,32.9,2.5,5.7,0.9,0.5,1.2,0.501,0.876,0.575
"SG",9,24,6,4.4,2.2,0.4,1.2,0.417,0.733,0.458
"SF-SG",19,32.3,3.8,7.8,1.2,0.3,1.5,0.529,0.75,0.588
"SF",19,33.4,3.9,8.2,1.1,0.2,1.5,0.504,0.731,0.551
"SG",20,30,3.6,7,1.4,0.5,1.5,0.586,0.789,0.672
"C",11,19.8,1.2,6.5,0.6,0.8,0.8,0.535,0.676,0.547
"C",5,10.1,0,1.6,0.1,0.3,0.1,0.345,0.8,0.397
"PF",7,16.1,0.9,2.6,0.4,0.3,0.4,0.455,0.706,0.631
"C",9,13,0.7,2.8,0.4,0.4,0.7,0.551,0.699,0.561
"PG",18,28.3,6.2,2.9,1.4,0.4,2.3,0.377,0.821,0.426
"SF",20,31.5,4.1,4.3,0.8,0.2,2,0.475,0.811,0.52
"PF",6,14.6,0.6,2.9,0.4,0.1,0.4,0.421,0.563,0.496
"C",9,12.1,0.9,4.7,0.4,0.3,1,0.527,0.779,0.536
"SG",26,34.9,4.2,5.4,0.8,0.2,2.4,0.439,0.934,0.531
"SF",19,31,2.8,5,1.2,0.3,1.7,0.458,0.822,0.596
"SF",9,17.9,0.8,3.5,0.7,0.3,0.8,0.431,0.464,0.516
"PG",11,18.1,2.4,1.8,0.6,0.1,0.7,0.47,0.764,0.572
"PG",10,19.1,2.5,1.9,0.5,0.1,0.8,0.447,0.739,0.534
"PG",9,15.1,1.9,1.6,0.6,0.3,0.6,0.559,0.889,0.721
"SF",3,1.8,0,0.6,0,0,0,0.5,0,0.625
"PG",10,13.4,1.4,1.2,0.6,0.2,0.6,0.418,0.844,0.5
"PG",24,32.6,7.4,5.1,1.2,0.4,2.9,0.479,0.859,0.556
"SG",9,15.3,0.9,1.2,0.4,0.4,0.5,0.377,0.625,0.49
"SG",6,14.7,0.9,0.8,0.2,0.4,0.4,0.384,0,0.504
"SG",8,16.4,0.9,1.8,0.8,0.5,0.6,0.367,0.625,0.468
"C",8,8.3,0.2,1.9,0.1,0.3,0.3,0.618,0.789,0.646
"C",16,30.5,3,6.2,0.5,1,0.6,0.476,0.714,0.627
"SG",13,20.2,3.8,3.2,0.6,0.4,1.9,0.419,0.75,0.467
"SF",8,14.4,0.8,1.7,0.3,0.2,0.5,0.472,0.75,0.566
"SF",9,15.9,0.6,1.9,0.2,0.1,0.4,0.363,0.833,0.489
"PG",8,5.6,0.6,0,0,0,0.2,0.222,1,0.333
"SG",18,29.4,2.9,3.3,1.1,0.3,1.3,0.485,0.725,0.603
"C",10,13.6,1.4,3,0.4,0.6,0.7,0.6,0.938,0.72
"SF",20,31.7,1.4,4.2,0.5,0.3,1.2,0.461,0.826,0.522
"PG",12,19.4,3.1,2.4,0.7,0.3,1.5,0.399,0.843,0.502
"PG",14,19.5,3,2,0.7,0.3,1.6,0.399,0.866,0.503
"PG",9,18.9,3.4,3.5,0.8,0.1,1.1,0.401,0.75,0.496
"C",9,11.6,0.3,2.8,0.1,0.4,0.7,0.481,0.615,0.537
"SF",10,14.1,2.4,2.1,0.5,0.4,1.1,0.467,0.667,0.5
"SF",12,22.7,3.3,2.8,0.7,0.1,1.2,0.435,0.857,0.603
"SF",27,34.2,5.8,5.5,0.7,0.4,3.3,0.484,0.882,0.522
"PG",26,37.4,5.5,5.1,1.1,0.8,2.1,0.494,0.905,0.572
"PG",26,37,5.3,5.1,1,0.8,2.3,0.486,0.883,0.565
"PG",26,38.2,6,5,1.3,0.6,1.9,0.51,0.947,0.586
"PF",6,11.3,0.5,4,1.3,0.4,0.4,0.415,0.556,0.472
"SG",23,31.1,5.2,3.9,0.8,0.2,3.2,0.416,0.747,0.477
"PG",3,5,1,2,0,0,0,0,0,0
"C",10,16.5,0.8,4.5,0.5,1.5,0.8,0.563,0.651,0.566
"C",19,28.4,1,6.8,1,3,1.7,0.506,0.788,0.567
"SF",2,4.7,0.4,0.7,0.2,0.2,0.1,0.259,0.5,0.352
"PG",10,15,1.7,0.9,0.4,0.1,0.4,0.452,0.773,0.464
"PG",15,24.4,3.4,2.1,0.7,0.1,1.7,0.411,0.91,0.486
"PG",18,25.7,3.5,2.2,0.7,0.1,1.8,0.418,0.924,0.493
"PG",13,19.9,3.1,1.8,0.6,0.1,1.2,0.383,0.833,0.457
"PF",27,35.5,6.8,8.3,0.9,0.6,3.2,0.5,0.768,0.549
"SG",10,18.1,3,1.7,0.5,0.1,0.7,0.488,0.927,0.56
"SG",10,19.1,1.2,2.4,0.7,0.1,0.5,0.441,0.82,0.599
"PF",8,7.5,0.3,2.5,0.3,0,1,0.5,0.5,0.5
"PF",16,28.5,1.9,4.4,1.2,0.3,0.9,0.47,0.842,0.579
"PF",13,25.2,1.5,3.8,0.9,0.4,0.6,0.474,0.818,0.604
"PF",16,30.8,2.1,4.8,1.4,0.3,1.1,0.468,0.851,0.565
"SF",9,14.9,1.2,4,0.5,0.5,0.6,0.491,0.628,0.537
"PF",7,9,0.8,1.7,0.4,0.3,0.4,0.449,0.5,0.48
"SF",23,32.7,2.9,5,0.7,0.2,2.1,0.452,0.749,0.512
"SG",7,10.4,1.5,1.1,0.5,0.2,1.1,0.376,0.659,0.455
"SF",11,15.6,2.2,3.2,0.5,0.2,1.1,0.533,0.667,0.607
"C",25,33.7,9.8,11.8,1.3,0.7,3.6,0.632,0.822,0.66
"PG",6,8,0.9,0.7,0.3,0,0.3,0.4,0.625,0.5
"C",9,11.6,0.4,3,0.2,0.5,0.6,0.64,0.759,0.698
"C",8,8,0.2,2.5,0.1,0.5,0.4,0.541,0.75,0.541
"C",11,15.8,0.6,3.5,0.3,0.5,0.7,0.714,0.778,0.816
"SF",8,14,0.5,2.4,0.5,0.6,0.4,0.5,0.738,0.559
"SF",14,29.6,2.5,4.1,1.6,0.6,1.3,0.469,0.764,0.525
"C",8,12,0.3,2.7,0.4,0.7,0.7,0.558,0.731,0.575
"PG",18,29.2,6.6,3.6,1.3,0.1,1.6,0.459,0.86,0.489
"PG",12,24.3,5.2,2.5,1,0.1,0.9,0.438,0.8,0.523
"C",12,15,0.9,5.2,0.3,0.6,1.2,0.765,0.458,0.77
"PG",11,19.8,3.5,1.7,0.5,0.1,0.9,0.427,0.792,0.527
"PF",9,13.6,0.7,2.1,0.5,0.1,0.7,0.406,0.947,0.464
"SF",6,12.9,0.4,2.2,0.2,0.2,0.2,0.337,0.5,0.409
"PF",7,9,0,2.5,0.5,0,0.3,0.286,1,0.286
"C",7,6.5,0.9,1.4,0.2,0.1,0.3,0.492,0.875,0.595
"C",6,6.8,0.8,1.4,0.2,0,0.3,0.568,0.833,0.693
"C",4,5.9,1.1,1.6,0.1,0.3,0,0.316,1,0.368
"SG",5,2.7,0,0.7,0,0,0,0.25,0,0.375
"SG",13,22.3,1.5,2.7,0.5,0.1,0.8,0.492,0.949,0.666
"SG",12,20.7,1.1,2.4,0.5,0.1,0.9,0.464,0.95,0.604
"SG",15,24.6,2.3,3.1,0.5,0,0.7,0.526,0.947,0.743
"C",12,23,0.9,8.4,0.4,2.3,0.8,0.72,0.516,0.721
"SF",12,3,0,0.3,0,0,0,1,1,1
"SF",19,29,2,4,1,0,2,0.615,0,0.769
"SF",15,28.3,1.2,2.8,0.4,0.1,0.7,0.497,0.852,0.637
"C",14,25.1,1.4,3.6,0.3,0.8,0.7,0.456,0.711,0.571
"PF",8,7.7,0.3,1.5,0.3,0.2,0.6,0.568,0.684,0.617
"PF-SF",9,15.1,0.5,2.8,0.4,0.2,0.8,0.458,0.767,0.556
"PF",10,14.1,0.4,2.6,0.3,0.3,0.8,0.469,0.788,0.589
"SF",11,17.1,0.9,3.3,0.5,0,0.9,0.444,0.741,0.516
"C",7,13.8,0.5,2.9,0.4,1,0.3,0.48,0.627,0.483
"SG",11,20.8,1.4,4.3,1.1,0.3,0.5,0.431,0.778,0.525
"SG",8,9.5,0.6,1.1,0.3,0.1,0.6,0.432,0.722,0.514
"C",8,11.7,0.8,2.9,0.2,0.7,0.4,0.665,0.821,0.674
"PG",6,5.7,0.6,0.9,0.2,0,0.2,0.405,0.5,0.473
"PF",13,20.8,1.9,3.4,0.6,0.5,1.4,0.525,0.652,0.579
"PF",27,35,3.7,7.2,0.6,0.5,3,0.448,0.73,0.518
"SF",11,19.3,1.5,3.5,0.5,0.3,0.9,0.471,0.767,0.588
"C",10,14.2,1,4.1,0.2,0.4,0.9,0.528,0.752,0.559
"SG",11,19.6,1.2,2.7,0.6,0.3,0.7,0.467,0.696,0.498
"PF",7,11.8,0.6,1.8,0.3,0.1,0.5,0.389,0.778,0.516
"SG",28,35.9,4.2,4.5,0.9,0.2,2.5,0.485,0.848,0.558
"SG",7,7.2,0.1,1.4,0.1,0,0.2,0.5,0.25,0.614
"SG",7,2,0,1,0,0,0,1,0,1
"SG",8,7.6,0.1,1.4,0.1,0,0.2,0.488,0.25,0.605
"SG",13,20.4,1.3,3,0.4,0.1,1.1,0.442,0.904,0.564
"PG",8,14.9,2.7,1.8,0.8,0,1,0.405,0.737,0.45
"PG",9,5,1,0,0.5,0,1.5,0.75,0,0.75
"PG",10,15.8,2.8,2,0.8,0,0.9,0.393,0.737,0.44
"C",10,6.2,0.5,2.3,0.2,0.4,0.6,0.533,0.688,0.533
"SF",23,33.6,3.9,6.5,1.4,0.5,1.7,0.512,0.871,0.572
"C",10,12.7,0.1,3.8,0.2,0,0.7,0.483,0.889,0.603
"SG",18,30.2,3.9,3.8,1,0.3,1.6,0.431,0.722,0.517
"PG",9,9.4,0.9,1.3,0.4,0.1,0.4,0.455,0.864,0.54
"PG",28,36.3,7.3,4.8,0.9,0.3,3.3,0.463,0.914,0.564
"SF",10,18.1,0.9,2.6,0.4,0.4,0.7,0.442,0.717,0.538
"PF",12,23.1,0.8,2.8,0.5,0.5,0.6,0.417,0.821,0.545
"PF",7,7.3,0.8,2.1,0.2,0.1,0.5,0.527,0.593,0.559
"C",12,23.9,2.5,9.3,0.6,0.6,0.5,0.63,0.606,0.63
"C",20,30.4,1.3,6.7,0.5,2.5,1.4,0.531,0.784,0.606
"C",9,8.1,0.5,1.4,0.1,0.2,0.7,0.64,0.778,0.653
"PF",14,20,1.9,6.4,0.3,0.2,1.1,0.389,0.879,0.506
"PF",15,20,1.9,6.8,0.2,0.2,1.1,0.389,0.889,0.511
"PF",14,20,1.9,5.7,0.4,0.2,1.1,0.388,0.857,0.496
"PG",21,31.2,5.1,4.1,1,0.4,1.9,0.404,0.859,0.514
"PF",10,16.9,0.9,4.1,0.4,0.4,0.9,0.458,0.815,0.565
"PG",10,19.4,3.5,2.8,0.8,0.3,1.3,0.402,0.851,0.457
"C",9,15.3,1.4,4.3,0.3,0.3,0.8,0.422,0.684,0.487
"C",4,9,0.7,2.3,0.2,0.2,0.4,0.328,0.667,0.388
"C",13,23.3,2.4,6.8,0.5,0.4,1.4,0.453,0.692,0.52
"SG",13,23.1,2.3,3.4,0.5,0.3,1,0.519,0.78,0.593
"PG",10,17.7,1.8,2.3,0.6,0.2,0.9,0.393,0.764,0.474
"C",9,5.5,0.3,1.9,0.2,0.1,0.5,0.683,0.741,0.683
"SF",25,34.4,1.9,8.6,0.6,0.6,1.9,0.499,0.875,0.586
"SF",12,23.3,2.5,3.6,0.7,0.2,1.3,0.433,0.789,0.49
"PF",15,29.3,1.6,4.8,1,0.4,1.1,0.464,0.805,0.54
"SF",10,19.1,1.6,3.4,0.6,0.1,0.3,0.389,0.571,0.431
"SF",18,28,1.5,5.5,0.5,0.4,1.1,0.569,0.68,0.617
"SG",9,4.1,0.1,0.8,0.1,0,0.1,0.391,1,0.413
"SG",9,12.7,0.5,1.4,0.4,0.1,0.4,0.363,0.906,0.52
"SG",10,13.4,0.5,1.4,0.5,0.1,0.4,0.353,0.911,0.509
"SG",9,9.3,0.3,1.2,0.1,0.1,0.1,0.419,0.875,0.581
"SF",18,28.5,1.5,4.1,0.6,0.2,1.9,0.434,0.828,0.487
"SG",8,15.8,0.7,2.2,0.4,0.3,0.3,0.363,0.857,0.484
"SG",20,33.6,3.5,2.9,0.8,0.1,1.3,0.481,0.845,0.568
"SG",20,31.5,8.3,3.2,1,0.2,1.7,0.5,0.923,0.588
"PG",8,11.9,1.1,0.8,0.6,0.1,0.4,0.358,0.667,0.451
"SG",12,20.5,4.5,5,0,0,1.5,0.45,0.6,0.55
"SG",25,35.3,5.7,4.4,0.9,0.5,2.4,0.437,0.769,0.515
"PG",13,20.3,5.3,3.1,1.1,0.1,1.9,0.543,0.853,0.568
"SF",19,30.6,1.9,3.9,0.9,1,1.4,0.517,0.736,0.591
"SF",12,23.9,1.6,4.3,1,0.4,1.2,0.455,0.841,0.518
"SF",16,26.7,2,4.8,1.2,0.5,1.4,0.447,0.846,0.513
"SF",9,17.5,0.8,3.2,0.7,0.2,0.5,0.488,0.824,0.537
"SF",12,20.5,1.4,2.2,0.2,0.1,0.9,0.457,0.757,0.575
"C",9,8.5,0.3,2.5,0.1,0.6,0.9,0.64,0.585,0.648
"SG",10,17.1,1.2,2,0.3,0.1,0.9,0.396,0.75,0.46
"SG",9,16.4,0.9,2.3,0.5,0,0.3,0.408,0.818,0.543
"PG",8,15.8,3.4,1.4,0.7,0.1,0.8,0.421,0.833,0.503
"PG",16,27.9,2.6,4.1,1.6,0.5,1.3,0.425,0.793,0.546
"SG",7,11.8,1,1.8,0.8,0,0,0.409,1,0.523
"C",8,10.4,0.6,3,0.3,0.3,0.5,0.589,0.74,0.61
"SF",15,24.3,4.9,4.2,0.7,0.2,2.2,0.436,0.902,0.499
"PG",10,14.2,1.4,1.1,0.4,0.1,0.8,0.411,0.833,0.529
"SG",14,20.6,3.2,2.5,0.3,0.2,1.2,0.479,0.853,0.535
"SF",9,22.3,1,3.8,0.5,1.3,1,0.304,0,0.37
"SF",5,6.4,0.3,1.7,0.3,0.4,0.2,0.5,1,0.528
"PG",11,18.1,2.3,1.3,0.6,0.2,0.8,0.454,0.806,0.533
"SG",25,35.8,4.4,4.3,1.5,0.4,2.6,0.484,0.867,0.572
"PF",24,34.4,2.8,9,0.8,1.5,1.8,0.554,0.674,0.566
"PF",6,6.5,0.2,1.5,0.3,0.2,0.1,0.429,1,0.482
"SF",6,4,0.5,1,0,0,1,0.5,0,0.5
"SG",16,22.3,3.9,2.6,0.6,0.3,1.9,0.448,0.889,0.538
"SG",9,13,0.8,1.7,0.3,0.1,0.5,0.476,0.698,0.584
"SG",6,5,1.3,0.8,0,0,0.3,0.333,0,0.389
"SG",8,5.3,0.6,0.6,0.3,0.2,0.3,0.419,0.8,0.442
"PG",23,31.9,8.1,5.9,1.1,0.3,3.4,0.466,0.748,0.504
"PF",16,28.1,1.8,4,0.6,0.3,0.9,0.426,0.782,0.513
"PF",9,10.1,0.9,2,0.3,0.1,0.5,0.409,1,0.53
"PF",8,10.6,0.9,2.2,0.3,0.2,0.5,0.402,1,0.524
"PF",6,8.8,0.8,1.5,0.1,0,0.5,0.424,0,0.545
"PG",15,27.3,5.3,3.4,0.7,0.2,1,0.48,0.831,0.555
"SF",19,31,1.4,3.6,1.1,0.5,0.8,0.484,0.905,0.61
"SG",24,36.4,6.1,5.3,1.5,0.3,2.2,0.464,0.832,0.514
"PG",23,32.8,6.2,4,1,0.2,2.2,0.454,0.833,0.537
"SF",18,29.8,1.2,4.6,0.8,0.5,0.8,0.453,0.765,0.584
"C",9,15,0.8,3.2,0.2,0.4,0.4,0.449,0.769,0.587
"C",8,14.5,0.9,3.1,0.3,0.4,0.3,0.438,0.795,0.576
"C",7,16.2,0.6,3.4,0.2,0.3,0.5,0.472,0.692,0.612
"SF",8,14.6,1.7,1.7,0.5,0.1,0.8,0.445,0.667,0.566
"SF",6,3.1,0.1,0.5,0.1,0,0.2,0.5,0.6,0.75
"SF",9,22.5,2.7,2.4,0.7,0.2,1.2,0.441,0.676,0.553
"PF",10,21.2,1.8,5.4,0.9,0.6,0.6,0.61,0.696,0.633
"SG",17,27.6,4.5,2.7,0.9,0.2,1.7,0.441,0.79,0.512
"SF",13,24.9,1.3,3.8,0.8,0.5,1,0.427,0.838,0.525
"PG",9,10.5,1.6,1,0.4,0.1,0.5,0.518,0.912,0.573
"PF",10,19.4,1,2.4,0.4,0.2,0.7,0.442,0.867,0.596
"PG",12,16,2.3,1.7,0.5,0.1,1.5,0.342,0.667,0.426
"PF",10,13.7,0.3,2.6,0.3,0.4,0.6,0.561,0.645,0.605
"C",6,11.5,0.6,2.7,0.9,0.6,0.8,0.361,0.667,0.375
"C",7,10.9,0.5,2.6,0.9,0.6,0.6,0.4,0.7,0.417
"C",9,14.3,1,3,1,0.3,1.7,0.167,0.5,0.167
"SG",12,19.3,2,2.6,0.6,0.1,1,0.448,0.778,0.502
"PG",9,12.9,1.2,1.3,0.3,0.1,0.6,0.364,0.667,0.428
"SG-PG",10,13.8,1.3,1.6,0.4,0.1,0.9,0.424,0.854,0.512
"SG",8,13.5,0.9,1.4,0.3,0.1,0.8,0.406,0.81,0.488
"PG",9,14.1,1.8,1.7,0.5,0.1,1.1,0.447,0.9,0.543
"C",17,26.8,2.9,9.1,0.8,0.8,2.3,0.519,0.661,0.561
"SF",11,19.2,1.4,3.7,0.4,0.2,1.1,0.436,0.791,0.533
"SF",8,15.7,1,3.1,0.3,0.2,0.9,0.386,0.86,0.487
"SF",13,24.6,2.1,4.7,0.5,0.3,1.3,0.476,0.721,0.569
"SF",18,31.7,3.7,5.1,0.9,0.6,1.5,0.386,0.725,0.524
"SF",11,19.2,1.4,3.6,0.7,0.4,0.6,0.352,0.762,0.459
"SG",13,18.8,1.5,3.5,0.8,0.5,0.9,0.391,0.724,0.471
"C",13,23.1,1,7.2,0.7,1.3,1,0.638,0.781,0.642
"SF",11,21.7,1.1,2.5,0.7,0.4,0.6,0.494,0.757,0.582
"PF",8,7.1,0.4,1,0.2,0.2,0.2,0.421,0.875,0.513
"SG",18,26.3,3.5,3,1.4,0.3,2.1,0.397,0.747,0.484
"C",20,28.6,3.7,6.2,0.9,0.5,2.5,0.499,0.853,0.583
"SF",9,16.1,0.7,2.8,0.7,0.1,0.9,0.443,0.68,0.498
"SF",7,11.8,0.5,2.3,0.6,0,0.7,0.468,0.607,0.511
"SF",11,21.9,1,3.5,0.8,0.2,1.1,0.425,0.723,0.489
"SF",10,20.1,1.5,2.3,0.5,0.1,0.7,0.451,0.694,0.56
"SF",17,32.3,1.1,5.2,1.4,0.4,1.3,0.431,0.76,0.497
"PG",20,32,8.9,4.3,1.5,0.4,1.9,0.44,0.831,0.513
"PG",11,20.2,4.5,2.2,0.7,0.2,1.7,0.415,0.766,0.49
"PG",10,16.7,1.4,3.1,1,0.2,0.7,0.594,0.857,0.688
"PG",11,17,1.5,2.6,1.1,0.1,0.8,0.585,1,0.695
"PG",9,16,1.1,4.3,0.9,0.6,0.6,0.607,0.667,0.679
"SG",8,8.1,1.2,1.6,0.2,0,0.3,0.356,0.846,0.483
"PG",6,5.3,0.3,0.7,0.3,0.2,0.3,0.333,0.556,0.375
"C",15,26,3.1,8.9,0.6,0.6,1.5,0.68,0.636,0.68
"C",16,28.5,3.7,9.7,0.6,0.6,1.6,0.669,0.605,0.669
"C",14,19.9,1.7,6.9,0.5,0.5,1.3,0.727,0.772,0.727
"C",17,26.5,2.7,9.1,0.9,1.2,1.7,0.629,0.592,0.629
"C",19,26.1,3.1,9,0.8,1.1,2.1,0.616,0.605,0.616
"C",14,27.2,2.2,9.1,1.2,1.3,1.1,0.652,0.569,0.652
"PF",13,20.6,1.9,4.7,0.6,1.3,1.3,0.434,0.629,0.51
"PG",22,30,4.5,2.7,0.8,0.3,3.1,0.43,0.87,0.514
"PG",28,34.3,5.7,5.3,1.4,0.3,3.2,0.442,0.784,0.522
"SF",17,29,1,5.5,0.6,0.5,1.1,0.487,0.8,0.602
"SF",8,18.3,1,2.4,1.4,0,0.5,0.5,1,0.6
"PF",14,26,1.5,9.6,0.4,0.2,1.2,0.496,0.768,0.555
"C",20,32.6,2.7,8.4,0.9,1.5,2.1,0.498,0.851,0.565
"PF",6,7.4,0.6,2.3,0.1,0,0.3,0.667,0,0.8
"C",15,19.2,0.9,4.1,0.6,0.3,0.9,0.732,0.667,0.732
"SG",18,26.1,1.8,2.9,0.8,0.3,1.7,0.479,0.812,0.559
"PG",6,8.9,1.9,1.6,0.1,0,0.7,0.439,0,0.5
"SG",17,23.3,4.5,3.3,0.3,0.5,2.8,0.346,0.778,0.404
"SF",15,22.1,1.6,2.4,0.5,0.3,1.3,0.467,0.844,0.565
"PG",10,13.4,1.3,1.8,0.3,0,0.8,0.412,0.75,0.527
"SG",7,10,0.9,2.4,0.3,0.7,1,0.241,1,0.276
"C",6,5.8,0.2,2.2,0,0.4,0.2,0.667,0,0.667
"PG",18,28.9,3.4,4.2,1,0.2,1.2,0.448,0.819,0.537
"SG",8,4.5,0.5,0.8,0.3,0,1.3,0.4,0.667,0.6
"PF",27,35.5,4.1,10,0.6,0.3,2.8,0.459,0.757,0.536
"SG",19,28.8,3.4,3,0.5,0.3,1.5,0.529,0.864,0.616
"SF",14,24.8,1.4,2.2,1,0.4,1.2,0.446,0.853,0.518
"SF",12,21.9,1,1.6,0.8,0.4,0.8,0.449,0.879,0.511
"SF",15,27.6,1.9,2.9,1.2,0.3,1.6,0.443,0.833,0.523
"SG",7,8,0.5,1.4,0.3,0.1,0.5,0.333,0.667,0.435
"SG",6,9,0.5,1.6,0.4,0.1,0.6,0.313,0.75,0.413
"SG",8,3.4,0.5,0.5,0.3,0,0,0.75,0.25,0.875
"C",9,10.9,0.4,3.8,0.7,0.7,0.7,0.593,0.745,0.596
"C",12,18.4,1.1,4.9,0.6,0.8,1.4,0.537,0.677,0.602
"SG",9,14.1,0.3,2.6,0.3,0.1,0.2,0.386,1,0.443
"C",14,18.7,0.6,6.4,0.2,1.1,0.9,0.629,0.749,0.631
"SG",13,23.5,2.7,2.7,1.1,0.3,1.3,0.431,0.852,0.528
"SG",15,23.7,3.3,2.8,1,0.3,1.5,0.436,0.883,0.527
"SG",14,23.2,1.6,2.4,1.3,0.4,1,0.419,0.762,0.53
"SG",11,19.5,1.4,1.6,0.5,0.1,0.4,0.435,0.769,0.538
"SF",11,16.5,1.1,1.6,0.3,0,0.7,0.371,0.906,0.504
"C",14,27,0.9,9.4,0.9,1.8,0.7,0.671,0.484,0.671
"C",8,13.7,0.8,4.1,0.4,0.4,0.5,0.528,0.71,0.528
"PF",9,18.9,1,4.2,0.6,0.3,0.4,0.444,0.833,0.518
"PF",7,11.3,0.9,2.5,0.4,0.2,0.7,0.432,0.488,0.49
"PF",11,18,0.8,2.8,0.4,0.3,0.8,0.429,0.631,0.506
"PG",13,5.2,0.5,1,0.1,0.1,1.3,0.35,1,0.425
"PG",8,12.5,1.7,1.5,0.3,0.2,0.8,0.384,0.917,0.443
"SG",11,21.1,1.5,2.4,0.6,0.2,0.7,0.43,0.794,0.532
"SG",11,22.5,1.3,2,0.6,0.2,0.9,0.431,0.75,0.533
"SG",11,18.4,2,3.3,0.5,0.1,0.3,0.428,0.857,0.53
"SG",25,35.3,5.1,4.1,1.2,0.3,2.1,0.415,0.809,0.484
"PG",9,17.2,3.5,2.1,0.8,0.2,0.9,0.343,0.8,0.402
"PG",24,32.5,6.2,3,1,0.4,2.6,0.469,0.829,0.572
"PG",25,32.9,6.2,3.1,1.1,0.4,2.7,0.465,0.856,0.567
"PG",20,30.9,6.1,2.9,0.6,0.5,2.3,0.484,0.735,0.588
"SF",7,9.1,0.5,0.8,0.1,0,0.2,0.37,0.833,0.519
"SF",5,10.8,0.3,1.2,0.2,0,0.3,0.306,0.8,0.439
"SF",8,8.2,0.5,0.5,0.1,0,0.2,0.424,0.857,0.585
"C",26,34.6,7.3,12.3,0.8,0.5,2.9,0.615,0.742,0.632
"PF",11,23,2.1,4.3,0.9,0.3,1.4,0.456,0.692,0.526
"PF",8,14.1,1.3,3.6,0.4,0.1,1,0.458,0.829,0.54
"PF",10,14.4,1.5,3.8,0.4,0.1,1,0.427,0.818,0.503
"PF",11,13.7,0.9,3.3,0.4,0.1,1,0.515,0.844,0.606
"C",8,12.7,0.4,3.4,0.1,0.6,0.4,0.5,0.714,0.517
"SF",3,3,0.5,0,0.5,0,0,0.5,0,0.75
"PF",7,12.2,0.8,1.7,0.2,0.1,0.4,0.451,0.913,0.549
"PG",19,30.1,4.5,2.5,0.8,0.2,1.7,0.415,0.857,0.472
"SG",12,15,0.5,3,1,0,1.5,0.714,0.5,0.857
"SG",3,2.4,0,0.2,0,0,0,0.4,0,0.4
"C",20,28.9,3.9,9,0.9,0.9,2.6,0.553,0.715,0.565
"SG",18,23.9,2.9,2.2,0.6,0.1,1.8,0.506,0.819,0.558
"SG",10,20.2,2.3,1.7,0.7,0.1,0.9,0.377,0.882,0.502
"C",9,11.5,0.8,4.2,0.3,0.7,0.9,0.544,0.636,0.561
"SG",13,22.2,1.2,3,0.5,0.3,1,0.472,0.714,0.551
"C",27,37.4,5.8,7.8,0.9,0.5,2.4,0.48,0.774,0.515
"PF",10,3,0,0,0,0,1,1,0,1
"PG",16,26.3,6.1,6.3,1.3,0.6,2.3,0.566,0.439,0.566
"PG",7,5.6,1,0.8,0,0.4,0.2,0.167,1,0.25
"C",5,2.9,0,0.3,0,0,0,0.286,0.5,0.357
"SG",25,35,4.1,2.6,0.7,0.2,2.1,0.447,0.894,0.548
"C",12,15.6,0.5,4.7,0.3,0.5,0.5,0.776,0.75,0.776
"PG",22,32.1,6.3,3.1,1.5,0.4,2.3,0.415,0.746,0.511
"PG",15,25.7,4.8,3.1,1.4,0.5,1.5,0.412,0.736,0.438
"SG",7,10.5,1.5,1.6,0.7,0.3,0.2,0.4,1,0.456
"SG",4,13.4,1,1.8,0.8,0.6,0.2,0.357,0,0.393
"SG",5,9.1,1.7,1.5,0.6,0.1,0.2,0.419,1,0.484
"PG",8,9.3,2.3,1.3,0.2,0.2,1,0.397,0.5,0.405
"PF",19,31,1.3,7.2,0.5,0.9,1.3,0.408,0.786,0.475
"PF",13,18.8,1,5.8,0.3,0.9,1.1,0.476,0.759,0.53
"SF",10,12,1.3,1.3,0,0.3,0.8,0.5,1,0.65
"PF",16,26,2.5,5.3,0.8,0.4,1.7,0.453,0.698,0.483
"SG",7,5.6,0.5,0.9,0.4,0.2,0.2,0.486,0.75,0.514
"PF",10,18.1,0.5,3.3,0.4,0.3,0.4,0.448,0.702,0.5
"C",18,28.3,1.4,8.1,0.4,0.7,1.4,0.442,0.738,0.518
"SF",16,28.4,2.1,3.2,0.5,0.2,0.9,0.41,0.876,0.535
"PG",14,23.5,2.9,3,1.3,0.5,1.8,0.419,0.723,0.493
"SG",11,13.9,1.3,1.5,0.6,0.2,0.9,0.461,0.917,0.519
"SF",3,5.9,0.6,1,0,0,0,0.333,0,0.5
"SF",13,21.8,2.7,3.8,0.7,0.2,1.5,0.48,0.725,0.509
"PF",29,36.9,4.6,8.8,1.1,0.7,2.9,0.466,0.854,0.543
"PF",9,8.5,0.3,1.5,0.1,0.2,0.3,0.52,0.545,0.553
"PF",7,8.8,0.4,1.5,0.1,0.2,0.3,0.462,0.714,0.492
"PF",10,7.2,0,1.6,0,0.2,0,0.9,0.25,0.95
"SG",6,6.5,0.5,0.7,0.4,0.1,0.2,0.4,0.75,0.522
"SG",6,5.6,0.6,1,0.3,0.1,0.2,0.444,0.667,0.493
"C",7,15.6,1.3,3.1,0.3,0.9,0.4,0.477,0.417,0.5
"SG",12,16.6,1.4,1.7,0.4,0.1,1.1,0.441,0.868,0.497
"SG",24,33,2.4,4.1,0.7,0.4,1.8,0.436,0.879,0.556
"PF",8,14,0.5,2.2,0.3,0.3,0.6,0.399,0.702,0.481
"SG",7,16.9,0.7,2,1.2,0.5,0.3,0.435,0.679,0.542
"SG",6,12.1,0.5,1.3,0.9,0.3,0.2,0.431,0.75,0.522
"SG",13,27.7,1.4,3.5,1.7,0.8,0.7,0.438,0.625,0.558
"PF",8,19.3,1.6,5,1,0.5,0.7,0.614,0.551,0.621
"PF",5,10.2,0.7,2,0.2,0,0.3,0.158,1,0.184
"PF",7,15.7,1,2.8,0.3,0.2,0.6,0.446,0.809,0.548
"SF",8,13.5,1.3,2.4,0.3,0.2,0.7,0.448,0.792,0.476
"SF",8,12.2,0.8,2,0.3,0.2,0.6,0.5,0.733,0.53
"SF",9,15.2,1.8,2.9,0.3,0.1,0.8,0.403,0.889,0.429
"PF",25,33,4.8,8.1,0.7,0.6,3,0.495,0.874,0.565
"SG",17,32.1,1.6,2.6,1.6,0.2,0.8,0.433,0.839,0.522
"PF",13,25.6,0.8,3.9,0.5,0.2,0.6,0.427,0.826,0.549
"C",20,29.4,1.4,7.5,0.6,2.3,1.7,0.548,0.783,0.612
"SG",3,2,0,0,1,1,0,0,1,0
"C",17,24.9,1.8,10.2,0.3,0.7,2,0.547,0.826,0.57
"PF",14,24.1,2.4,7.5,1.1,0.3,1.2,0.548,0.691,0.58
"PF",14,24.1,2.7,7.9,1,0.3,1.3,0.556,0.657,0.587
"PF",14,24,1.6,6.7,1.2,0.2,1.1,0.529,0.784,0.564
"PG",24,36.7,7.2,4.1,1.8,0.6,2,0.393,0.898,0.486
"SG",18,31,3.6,3.9,1.1,0.4,1.5,0.439,0.78,0.525
"PG",18,25.9,2.5,2.1,0.9,0.1,1.4,0.402,0.872,0.505
"C",10,7.4,0.3,2.1,0.1,0.3,0.5,0.458,1,0.479
"C",22,33.5,3.2,11,0.7,0.7,1.7,0.52,0.835,0.573
"PF",10,20.3,0.8,3.4,0.6,0.5,0.4,0.412,0.652,0.54
"SF",23,32.6,3.5,4.1,1,0.2,2.1,0.485,0.842,0.543
"C",13,19.5,1.5,4.5,0.6,0.2,1.2,0.5,0.841,0.564
"SF",7,15.3,0.9,2.3,0.6,0.4,0.4,0.37,0.839,0.496
"SF",6,11.1,0.6,2.3,0.2,0.2,0.5,0.419,0.756,0.46
"PG",9,16,2.1,1.8,0.2,0.2,0.4,0.421,0.81,0.482
"SG",13,23.2,1.1,1.9,0.5,0.3,0.8,0.448,0.858,0.534
"PG",14,22.2,5.2,2.7,0.8,0.4,2.4,0.408,0.681,0.457
"PF-SF",8,16.4,1,2.9,0.5,0.3,0.5,0.489,0.8,0.53
"PF",8,18.8,1.1,2.8,0.6,0.3,0.7,0.51,0.818,0.55
"SF",5,12.3,0.7,3.1,0.4,0.3,0.2,0.429,0.5,0.471
"SG",8,12.7,2,1.2,0.2,0.1,1.1,0.367,0.667,0.445
"PF",20,32.6,2.4,4.9,0.9,1.1,1.5,0.444,0.73,0.52
"PG",6,14,1.5,1.5,0.5,0.1,0.5,0.363,0.556,0.422
"SF",8,16,0.8,2.4,0.4,0.3,0.4,0.491,0.723,0.621
"SG",9,13,0.7,1.8,0.3,0.3,0.2,0.393,0.8,0.556
"PF",11,19.1,2.1,3.8,0.5,0.2,1.1,0.56,0.72,0.599
"SG",6,8.1,0.5,1.6,0.1,0.5,0.3,0.492,0.55,0.542
"SG",13,18.1,2.7,2.2,0.7,0.1,1.8,0.321,0.591,0.367
"PG",23,29.1,7.5,5.8,1,0.5,3.5,0.436,0.656,0.481
"PG",22,28.7,7.5,6.2,1,0.4,3.5,0.417,0.655,0.46
"PG",22,30.2,7.6,4.9,1.1,0.5,3.4,0.489,0.658,0.538
"SG",13,23.4,2.8,2.9,0.7,0.1,1,0.443,0.871,0.551
"SG",19,28.3,3.9,3.6,0.7,0.9,1.2,0.462,0.875,0.56
"SF",6,3.9,0.2,1,0.2,0.1,0.1,0.421,0.667,0.5
"SF",4,5.6,0.3,0.4,0,0,0.1,0.214,0,0.321
"SG",10,18.5,1.1,3,0.6,0.2,0.8,0.512,0.831,0.579
"SF",18,32.2,2.3,5,1.2,0.8,1.3,0.473,0.611,0.557
"PG",14,12.4,2,1,0,0.3,1.7,0.486,0.889,0.568
"SG",9,5,0,1,0,0,2,0,0,0
"SG",4,2,0,1,0,0,0,0.4,0,0.4
"PF",13,25.9,1.7,4.6,0.5,0.4,1,0.454,0.77,0.575
"SG",18,30.3,3.3,4.5,1.4,0.5,1.6,0.521,0.812,0.567
"PF",10,18.7,1.6,4.9,0.6,0.2,0.8,0.436,0.704,0.534
"SG",15,25.4,2,3,0.6,0.4,0.8,0.615,0.667,0.654
"PF",12,22.8,2,4.9,0.8,0.3,0.6,0.517,0.436,0.59
"C",11,19.3,0.4,7.1,0.7,1,0.9,0.637,0.691,0.637
"PF",17,28.3,1.2,4,0.9,0.9,1.2,0.464,0.857,0.549
"C",13,23.5,1.4,8.3,0.6,1.4,1,0.747,0.61,0.747
"SG",6,7,0.3,1,0.4,0.1,0.3,0.3,1,0.35
"SF",11,15.2,0.9,2.1,0.4,0.2,1,0.429,0.773,0.492
"PF",28,33,4.6,7,1.1,0.6,3.4,0.608,0.714,0.615
"SF",6,3.3,0.3,0,0.3,0,0.3,0.667,0,0.833
"SF",13,26.8,3.4,5,1,0.4,1.5,0.409,0.714,0.444
"C",12,19.3,0.7,5.9,0.2,0.6,1.1,0.558,0.701,0.563
"C",10,12.5,0.7,3.5,0.1,0.3,0.7,0.628,0.684,0.633
"C",16,25.2,0.7,8.1,0.2,0.8,1.5,0.531,0.712,0.537
"C",19,25.9,1.8,7.3,0.4,1.1,1.8,0.515,0.772,0.583
"PG",11,24.4,3.9,3.6,1.8,0.3,0.9,0.474,0.867,0.545
"PG",10,12.4,2.1,1.7,0.3,0.2,0.7,0.469,0.684,0.515
"SG",8,18.7,1.7,2,0.7,0,0,0.381,1,0.524
"PF",7,14.7,1.4,3.1,1,0.1,0.8,0.545,0.692,0.561
"PG",28,34.8,10.2,3,1.1,0.1,4.1,0.429,0.886,0.485
"C",9,9.2,0.2,2.6,0.2,0.2,0.4,0.593,0.833,0.648
"C",9,14.5,0.7,4.3,0.2,0.3,0.9,0.627,0.686,0.627
"C",18,28.6,1,9.9,0.4,1.3,1.5,0.634,0.697,0.634
